date,actual,LGBM_default,LGBM_interpretation_style
2022-05-06,-6.640000000000001,-1.0799122298994912,-1.3849959828386236
2022-05-09,-3.3400000000000034,-0.7635845585714998,-0.49455040949993445
2022-05-10,5.760000000000005,2.95510987497788,3.5059805691576735
2022-05-11,0.6500000000000057,1.5238657975737566,1.0296679419190815
2022-05-12,4.36999999999999,0.8434720327193679,1.0746110168407799
2022-05-13,3.549999999999997,-2.178051981832307,-3.333425268953059
2022-05-16,-1.759999999999991,-3.7028452526867244,-4.049214351602424
2022-05-17,-2.640000000000001,0.14919623448189998,0.41334625222395194
2022-05-18,2.539999999999992,1.8132785034913839,2.0381321021565677
2022-05-19,0.4200000000000017,-1.6262715823000704,-2.2362127218717838
2022-05-20,-2.3100000000000023,-1.5070817526568752,-1.3765095334386497
2022-05-23,2.230000000000004,2.2328563553932637,2.416458959451691
2022-05-24,0.3299999999999983,-1.1619965654993585,-2.0958806256109304
2022-05-25,3.3100000000000023,-0.40317646522537665,-0.44467569043301164
2022-05-26,-1.230000000000004,-1.581032981497408,-2.2680268735377096
2022-05-27,-0.5799999999999983,0.39248601981970466,1.1766092131579005
2022-05-31,0.8800000000000097,0.6225687216902962,0.5347498787778546
2022-06-01,1.6199999999999903,-1.2163262838318767,-0.9305289457950672
2022-06-02,2.0900000000000034,-1.7903317116244757,-1.0074070167018994
2022-06-03,-0.5600000000000023,-1.8345345946839187,-1.7714730553035152
2022-06-06,1.1400000000000006,-1.0903386107183062,-0.4704767827210463
2022-06-07,2.390000000000001,0.19733081126398527,0.25616986896399724
2022-06-08,-0.4200000000000017,-0.6037115748768411,-0.8234649348597448
2022-06-09,-0.789999999999992,0.5467899470749378,0.8217399506905687
2022-06-10,0.1899999999999977,0.41708608687532295,0.4313234485033555
2022-06-13,-2.0,-0.6190010256694776,-0.1273183036483278
2022-06-14,-3.6000000000000085,0.8877218037161606,0.931309281060059
2022-06-15,2.240000000000009,1.4160919387412199,1.3999413666423457
2022-06-16,-8.0,0.284849933509256,0.4439740529642158
2022-06-17,0.9299999999999926,-0.6101329033921876,-0.9819996818390984
2022-06-21,-4.269999999999996,0.6920551638169599,0.9433159069025832
2022-06-22,-0.4699999999999988,0.7236185092162861,0.9205026351674604
2022-06-23,3.319999999999993,0.2633283308886656,0.09720526164438252
2022-06-24,2.3700000000000045,0.24216219451571847,1.0290534007936645
2022-06-27,2.219999999999999,-1.3137614033232834,-0.7288107352259512
2022-06-28,-2.009999999999991,-1.029671405682038,-0.41130817312258966
2022-06-29,-3.890000000000001,0.01579971086192766,0.919614421994971
2022-06-30,2.539999999999992,0.32819171647026335,0.3493207988651622
2022-07-01,-8.75,1.0614989267703308,0.38506011655885664
2022-07-05,-1.2399999999999949,0.03718208434525424,-0.3276883813039821
2022-07-06,4.310000000000002,2.2344062316726916,2.8549755001620687
2022-07-07,2.1599999999999966,-2.1047823027837307,-2.249002751760216
2022-07-08,-0.6899999999999977,-3.504457398510975,-3.786438501162537
2022-07-11,-8.400000000000006,-1.4741321413040203,-1.1210214048163085
2022-07-12,0.75,-0.25957631067173625,-0.4723648444661727
2022-07-13,-0.6499999999999915,-0.6345936744211688,-0.5326997714312783
2022-07-14,1.7999999999999972,0.4051013783857074,0.15185583692188517
2022-07-15,4.890000000000001,-0.994713637437795,-1.8941676308120918
2022-07-18,1.6400000000000006,-0.7631129980261782,-0.8609824114444696
2022-07-19,-1.6700000000000017,-1.941001664322919,-2.1697768285250834
2022-07-20,-6.010000000000005,0.3985527747193623,1.1623813089131314
2022-07-21,-0.730000000000004,0.756680607543752,0.5238195129563817
2022-07-22,2.1200000000000045,2.5394840216016186,3.051042487143601
2022-07-25,-2.0900000000000034,-1.6998212693062607,-0.7549733036407976
2022-07-26,2.2900000000000063,0.2997838271374693,0.8269700465002233
2022-07-27,-0.9200000000000016,-2.691668567975358,-1.6221946665435307
2022-07-28,2.200000000000003,0.2814746332994845,1.3213210940486795
2022-07-29,-4.719999999999999,-2.593636213104074,-1.7674203236822275
2022-08-01,0.5499999999999972,0.0901070368541384,0.05632054964538862
2022-08-02,-3.890000000000001,0.8475593928355654,0.7968072775907644
2022-08-03,-1.9599999999999933,0.21973571872394765,-0.32055541224141454
2022-08-04,0.4799999999999897,1.3707534185590875,2.0246568784320913
2022-08-05,1.75,-0.6456818032768648,-0.884106886876044
2022-08-08,-0.3399999999999892,-1.8538697915353157,-1.605116472848389
2022-08-09,1.5,0.08062739199495436,-0.03562710060521936
2022-08-10,2.339999999999989,0.6347733409778222,-0.1678010726459737
2022-08-11,-2.1599999999999966,-1.1036423383242362,-0.7514938408353697
2022-08-12,-2.6200000000000045,0.2416305897047769,0.0035053380329905454
2022-08-15,-3.009999999999991,1.525183028736985,1.5341656107931545
2022-08-16,1.6199999999999903,1.5756854761769823,1.5465431579463111
2022-08-17,2.3500000000000085,0.8927640467926278,0.6308666486863745
2022-08-18,0.3499999999999943,-0.8034441024828027,-1.4217846034063641
2022-08-19,-0.1299999999999954,-0.05317774463836426,-0.6915884975021795
2022-08-22,3.039999999999992,-0.4245882488736059,-0.4395866876087978
2022-08-23,-0.9399999999999976,0.31326145712574144,-0.381002806729784
2022-08-24,-2.1899999999999977,0.2120693727465576,-0.025279788940937326
2022-08-25,0.2999999999999971,0.13486857475933572,-0.051143288486545764
2022-08-26,3.77000000000001,0.1632263866385419,0.029806308920946788
2022-08-29,-5.320000000000007,-0.9330170942700529,-0.482316109603867
2022-08-30,-1.9899999999999949,-0.9855519062292039,-1.1818166662282055
2022-08-31,-3.0,1.289587693749469,1.2708938229968119
2022-09-01,0.2000000000000028,2.863154203017037,2.570040057799366
2022-09-02,0.059999999999988,1.4881379820669676,1.838936025682405
2022-09-06,-4.849999999999994,0.4432791494836615,0.5578126300845943
2022-09-07,1.5400000000000065,2.3157682487007323,1.886956550284485
2022-09-08,3.2299999999999898,1.0557275026046629,1.1039678788681964
2022-09-09,0.9100000000000108,-0.07087820465335382,-0.21376786640302958
2022-09-12,-0.3400000000000034,-0.758327433743653,-0.567576963603146
2022-09-13,1.039999999999992,1.214585601603294,0.013200361332410569
2022-09-14,-3.1599999999999966,0.5300759959836503,0.6608572307851217
2022-09-15,-0.1500000000000056,3.299588440721345,2.6319507070185035
2022-09-16,0.5800000000000125,1.8039526675066038,1.8129415555741302
2022-09-19,-1.460000000000008,0.9782849401398298,0.9639671189314791
2022-09-20,-1.3100000000000025,1.2820764163400873,0.9993678985780998
2022-09-21,0.6400000000000006,0.9783722557960601,1.1561694447531767
2022-09-22,-4.950000000000003,0.8954690644464524,1.0043282918529857
2022-09-23,-1.899999999999992,1.8495051560714622,1.6269061590104172
2022-09-26,1.7399999999999949,1.4446169373555824,0.8582653828435441
2022-09-27,3.700000000000003,0.9839577461156757,0.9536482441234172
2022-09-28,-0.8299999999999983,-0.2509765798758844,-0.6881537356816261
2022-09-29,-1.8700000000000043,0.08276489330574217,-0.19586976565489456
2022-09-30,4.140000000000001,1.4245319752788204,0.9489498680215727
2022-10-03,2.8200000000000074,0.16832434272411517,0.3346885770309679
2022-10-04,1.3499999999999943,-0.07121653905832087,-0.3808123704323332
2022-10-05,0.6800000000000068,0.30149696910108914,0.03958483272734475
2022-10-06,4.169999999999988,-0.19931940684370464,-1.172662659142486
2022-10-07,-1.4699999999999989,-0.8524652413917763,-1.1417712755784626
2022-10-10,-1.8499999999999943,0.3775251953408698,-0.19812056438099274
2022-10-11,-1.9200000000000017,0.20046487901981017,0.24415090310439835
2022-10-12,1.7600000000000051,1.2322151276273503,0.8680130907268955
2022-10-13,-3.490000000000009,0.22108906527090133,0.49548085273492776
2022-10-14,-0.0999999999999943,1.3640811516563156,1.333948177072701
2022-10-17,-2.7099999999999937,0.8135642606777665,0.6143333204076133
2022-10-18,2.7099999999999937,1.63630837215982,1.5621255262337206
2022-10-19,0.019999999999996,-0.0595711688015121,-0.34589576254954435
2022-10-20,-0.5499999999999972,0.20555919443708118,0.47650849894235386
2022-10-21,0.6500000000000057,0.44681186896492964,0.517272586300662
2022-10-24,0.8100000000000023,0.07263622983059435,0.0013557984253944264
2022-10-25,2.4599999999999937,0.3050175607553344,0.13113530615679875
2022-10-26,-0.3299999999999983,-0.14980681016236208,-0.16027111575525388
2022-10-27,-1.210000000000008,0.18297142683787324,0.3376472622931264
2022-10-28,-1.309999999999988,-0.10912727467549178,0.11442401309406824
2022-10-31,1.8199999999999927,0.7134088718020016,0.5232740742954585
2022-11-01,1.7000000000000028,0.007992518633294761,-0.20393775526461264
2022-11-02,-1.9200000000000017,-0.0800878463667889,-0.16351647873904515
2022-11-03,4.439999999999998,-0.06836976013592148,0.28900497260612473
2022-11-04,-0.7800000000000011,0.7434960206427145,0.8410267864296884
2022-11-07,-3.0,0.4203144934581919,0.7978284013995278
2022-11-08,-3.009999999999991,0.09698798299671604,-0.28127498965439274
2022-11-09,0.7299999999999898,0.0583534433369773,0.08900042356258177
2022-11-10,2.6200000000000045,0.6728944142832897,0.776401081044304
2022-11-11,-3.2900000000000063,0.19677587223609563,-0.016233152851975432
2022-11-14,1.0200000000000102,-1.006171479362381,-1.0854173039882025
2022-11-15,-1.25,0.8419797779633532,1.0083677878304582
2022-11-16,-3.930000000000007,1.4992877447716597,2.160792678958048
2022-11-17,-1.6200000000000043,0.24394760668725482,0.844210078315978
2022-11-18,-0.3299999999999983,0.5832905849178271,0.8995983188980392
2022-11-21,1.0900000000000034,0.18826483428522972,0.02329037144069235
2022-11-22,-2.8999999999999915,0.1507034877630646,0.2429810764514443
2022-11-23,-1.480000000000004,1.0962913708814959,1.28483510617053
2022-11-25,0.6499999999999915,0.3404800674910422,0.6736555679034627
2022-11-28,0.8599999999999994,-0.1265795443395422,-0.2152440913758412
2022-11-29,2.5200000000000102,0.04587287196656682,-0.06840728054796531
2022-11-30,0.5799999999999983,0.5782323703472554,-0.16813797061721136
2022-12-01,-1.2000000000000028,0.8975738496536869,1.050923651978004
2022-12-02,-3.030000000000001,-0.6193633810185798,-0.7478039158470171
2022-12-05,-2.6200000000000045,0.9109534725673882,1.3334628950705223
2022-12-06,-2.279999999999987,1.3078610626187877,1.8155029142789478
2022-12-07,-0.6300000000000097,0.48383489254329887,0.7654916092388734
2022-12-08,-0.25,0.8847853299685118,0.8240076381179008
2022-12-09,1.9099999999999968,-0.11494437410358666,-0.19427136969758219
2022-12-12,2.480000000000004,-0.7614471902533799,-0.04228242416583299
2022-12-13,1.7000000000000028,-0.5282801817888104,-0.18919705565051262
2022-12-14,-1.25,0.5464139183795472,1.2829969829793377
2022-12-15,-1.7000000000000028,0.20016213152717424,0.42662305561475594
2022-12-16,0.8599999999999994,-0.026562442854826483,-0.1834869426371552
2022-12-19,0.8700000000000045,1.0732128816810538,0.7768412917122607
2022-12-20,2.25,0.7434255732356922,0.9044126848726883
2022-12-21,-0.4899999999999949,0.4532330224161968,0.2910302786905784
2022-12-22,1.8899999999999864,0.34826107911449583,0.6240280209432922
2022-12-23,-0.1199999999999903,0.7118577897285314,0.8867960991328049
2022-12-27,-0.5600000000000023,0.42633650534794687,0.5802102515533131
2022-12-28,-0.4599999999999937,0.5037661195944708,0.47940733278640046
2022-12-29,1.7299999999999898,0.9577181505897803,1.0761887796433596
2022-12-30,-3.289999999999992,0.3959992932709063,0.13613730660644197
2023-01-03,-4.050000000000011,0.7982242236065316,0.7349093203343078
2023-01-04,0.7900000000000063,1.1832483493674977,0.9021981947993835
2023-01-05,0.1599999999999966,0.640267383269066,0.33180274010023797
2023-01-06,0.9200000000000016,0.0198455284907777,0.01012654504676358
2023-01-09,0.4200000000000017,-0.11777445813294554,-0.026317503720596422
2023-01-10,2.3499999999999943,0.031534566044962006,0.07445807034552362
2023-01-11,0.8599999999999994,-0.5060088425214274,-0.024563731412210757
2023-01-12,1.5800000000000125,0.155109916029667,-0.10443785603113306
2023-01-13,0.3499999999999943,-0.17161672585562332,-0.41197121327839464
2023-01-17,-0.7199999999999989,-0.48457249862798735,-0.4413221878933712
2023-01-18,0.7800000000000011,-0.37997498283963177,-0.1489131567953329
2023-01-19,0.9599999999999936,-0.17791226999318704,-0.3699316779242046
2023-01-20,0.3500000000000085,-0.15417108237411256,-0.14876048584792187
2023-01-23,-1.7600000000000051,-0.20881432118054175,-0.2989370775607209
2023-01-24,-0.0799999999999983,0.46562631788115594,0.12474526419114243
2023-01-25,0.8599999999999994,0.22863213532564697,0.20865480089121197
2023-01-26,-0.9099999999999966,-0.22532903259118595,-0.2550023690113407
2023-01-27,-1.7600000000000051,0.03486588390566353,-0.041796984167328334
2023-01-30,0.980000000000004,-0.002148725550929654,-0.17307097858694837
2023-01-31,-2.609999999999999,-0.06072501772894295,0.002846162337852152
2023-02-01,-0.4699999999999988,-0.034031141596906817,-0.4288695718613805
2023-02-02,-2.469999999999999,-0.8742538641852717,-1.3981824068757869
2023-02-03,0.7099999999999937,-0.862383539774109,-1.2185797081366316
2023-02-06,3.0600000000000023,-1.4033750893047285,-1.3315996568086708
2023-02-07,1.2999999999999972,-0.1301741985458399,-0.17722583992822558
2023-02-08,-0.4299999999999926,-0.8406809511533764,-0.7290285603188836
2023-02-09,1.6999999999999886,-0.6516946506717036,-0.34002371165491446
2023-02-10,0.4000000000000057,-0.5403701421365689,-0.6250933192624192
2023-02-13,-1.0600000000000025,-0.5676006966882692,-0.4021894465974948
2023-02-14,-0.5100000000000051,-0.44319330684887726,-0.8599642819671237
2023-02-15,-0.1199999999999903,-0.4185359551523249,-0.7107752418805603
2023-02-16,-2.140000000000001,-0.4739652913172333,-0.1331370472225681
2023-02-17,-0.0300000000000011,-0.7912664239320897,-1.1347649332933745
2023-02-21,-2.3299999999999983,-0.719265529364463,-0.9200870245265282
2023-02-22,1.3100000000000025,-0.4226446750082143,-0.80435594027838
2023-02-23,0.9299999999999926,-1.2042016794733619,-1.2638023456554206
2023-02-24,-0.6200000000000045,-0.22411681614462373,-0.2364349328937614
2023-02-27,1.3100000000000025,0.2267811358525385,-0.0035400992644500162
2023-02-28,0.6899999999999977,-0.13704227743993516,-0.4492432328338207
2023-03-01,0.480000000000004,0.1329699627972343,0.22271767393427028
2023-03-02,1.5700000000000074,0.20404002686194223,0.2701933243217921
2023-03-03,0.769999999999996,0.10385396140119615,0.08197783472211487
2023-03-06,-2.9399999999999977,0.2668827223337952,0.20061374753519937
2023-03-07,-0.8900000000000006,-0.14962054537553418,-0.38009236309340483
2023-03-08,-0.960000000000008,0.3708103651395416,0.2586406795254614
2023-03-09,0.9500000000000028,0.6415131492934781,0.4015958447729646
2023-03-10,-1.8699999999999903,-0.07468128117183118,-0.07555677540374424
2023-03-13,-3.5,-0.03997375483066108,0.0729803020986299
2023-03-14,-3.8000000000000114,0.9749529338835753,1.5752650152278902
2023-03-15,0.7700000000000102,1.7159415397596427,1.7873963732407598
2023-03-16,-1.5400000000000065,0.17765031878113782,-0.20288487663790672
2023-03-17,0.9500000000000028,0.46982321578919567,0.7285802012353225
2023-03-20,1.8400000000000032,0.39096564441312814,0.588657056581698
2023-03-21,1.309999999999988,0.1486573938290433,0.2636148159208494
2023-03-22,-0.9399999999999976,0.28805746046072833,-0.1446737602784854
2023-03-23,-0.5499999999999972,0.5383517738605934,0.5173966438400905
2023-03-24,3.6500000000000057,0.7645884200201482,0.42401853031406506
2023-03-27,0.25,1.2593727788282656,1.3319639670048302
2023-03-28,-0.1700000000000017,0.5789994235153587,0.3289474979820514
2023-03-29,1.3699999999999903,0.7460129112211142,0.4411518623542958
2023-03-30,1.3600000000000136,0.41537124816177307,0.13857410613568638
2023-03-31,4.719999999999999,0.47766556488320666,-0.22843277527602293
2023-04-03,0.2999999999999971,0.6405606283917507,0.09636206760936773
2023-04-04,-0.0100000000000051,0.8077338473381072,0.9186451450945416
2023-04-05,0.0100000000000051,0.5643344984778494,0.7153491351436949
2023-04-06,-0.9099999999999966,0.5540770766425361,0.740239460346563
2023-04-10,1.75,0.6518108672561344,0.6508825711980692
2023-04-11,1.7199999999999989,0.5488300011631801,0.4997207715934162
2023-04-12,-1.1000000000000083,0.14637492274708205,0.34079234034653205
2023-04-13,0.4200000000000017,0.6877310893633324,0.7544949626675804
2023-04-14,-1.6499999999999917,0.6444250149864232,0.6121887455049059
2023-04-17,-0.0800000000000125,0.7949752578999196,1.157749359666002
2023-04-18,-1.6699999999999875,0.6022793422846582,0.6268020562137828
2023-04-19,-1.9100000000000108,0.4850161055582466,0.5736246097111132
2023-04-20,0.5900000000000034,0.8056657605741337,0.8677964508872084
2023-04-21,0.7800000000000011,0.269876489170354,0.0008589132004734983
2023-04-24,-1.5900000000000034,0.28092255141959366,0.11844120522499749
2023-04-25,-2.719999999999999,0.7999553762481225,1.3377768669832946
2023-04-26,0.4399999999999977,1.229918329120064,1.2475727131193186
2023-04-27,2.010000000000005,0.03815254269065303,0.2581080829318734
2023-04-28,-1.1299999999999957,0.08674345720958698,0.0657116661120713
2023-05-01,-3.940000000000012,0.676628089518608,0.0895675872692797
2023-05-02,-3.089999999999989,0.7546995899325859,0.1919235097200288
2023-05-03,-0.1000000000000085,1.768475974956452,1.5257459470209558
2023-05-04,2.799999999999997,1.1093329636405416,0.7684929393870624
2023-05-05,1.8100000000000025,-1.3856599514199712,-0.785841108610184
2023-05-08,0.5500000000000114,-1.4586493260975568,-1.0738531996807352
2023-05-09,-1.1500000000000057,-0.6591026455521383,-0.4390467934731935
2023-05-10,-1.7199999999999989,0.35409134635946604,0.16064148340572285
2023-05-11,-0.7900000000000063,0.17159448775513544,0.03368637331451041
2023-05-12,1.0499999999999972,-0.5632645688285371,-0.2550308962748579
2023-05-15,-0.2199999999999988,-0.33583476509842936,-0.08041023844191053
2023-05-16,1.9300000000000068,-0.22144983017642098,0.4444892933653447
2023-05-17,-0.960000000000008,-0.33561807112119624,-0.6444591880711995
2023-05-18,-0.25,-0.584613545958947,-0.34498801183388184
2023-05-19,0.2400000000000091,0.136420512068992,0.1616080051166068
2023-05-22,1.0600000000000025,0.4072629226786034,0.6903341282712091
2023-05-23,1.5,-0.0652577109572621,-0.13012470504289736
2023-05-24,-2.6899999999999977,-0.26492193319578183,-0.15683743646480183
2023-05-25,0.6699999999999875,-0.05345321844709906,0.5616084305739207
2023-05-26,-2.8999999999999915,0.07182660299160981,0.2560565685669592
2023-05-30,-1.3400000000000034,0.30340844677181605,-0.3006855075227752
2023-05-31,1.980000000000004,0.45964688302186385,0.22580599025588505
2023-06-01,1.6700000000000017,0.05433597986902403,-0.20197744347866628
2023-06-02,0.3799999999999954,0.35732904736571436,0.10063327762318082
2023-06-05,-0.4300000000000068,0.1599141532073868,0.37295327839822634
2023-06-06,0.8100000000000023,0.3457435479665352,0.6176108621594574
2023-06-07,-1.2399999999999949,0.3739022152336188,0.2785204728799943
2023-06-08,-1.1200000000000043,0.37694095675443173,0.4866439762383025
2023-06-09,-3.0799999999999983,0.1864169161330986,0.11398116004325223
2023-06-12,2.3100000000000023,0.4158898891042686,-0.00036200726895568836
2023-06-13,-1.1700000000000017,-0.6199361277038083,-0.9092228870352174
2023-06-14,2.390000000000001,0.7717293236427021,1.0992530866379906
2023-06-15,1.2000000000000028,0.028718519715995244,0.08989206517764711
2023-06-16,-0.8700000000000045,0.4950334881317632,0.12584749662805575
2023-06-20,1.6099999999999994,0.535632843647294,0.7044549410219143
2023-06-21,-3.3299999999999983,0.38963159121489505,0.5657120075297736
2023-06-22,-0.3100000000000023,0.3369387732796311,0.5109136125093394
2023-06-23,0.1800000000000068,-0.7383475053357446,-0.5944446935165862
2023-06-26,-1.4099999999999966,0.2990665060708426,0.8669782959525375
2023-06-27,1.8599999999999992,1.141831062842277,1.3951812655121905
2023-06-28,0.309999999999988,0.6705224688983247,0.16968381371148739
2023-06-29,0.8100000000000023,0.07152140384327796,0.5696606792135169
2023-06-30,-0.9500000000000028,0.005181891815457595,0.23672837371867655
2023-07-03,2.0700000000000074,0.17177930289668406,0.3463986983971946
2023-07-05,-0.019999999999996,-0.21448371492516521,-0.06637431723670911
2023-07-06,2.1499999999999915,-0.16593080378604674,-0.27625909391240594
2023-07-07,-0.8599999999999994,0.33548352914932067,0.4644025739145912
2023-07-10,1.8200000000000072,0.23524307881178355,0.4055732374097006
2023-07-11,0.8999999999999915,0.06906940838854626,0.1853291012261017
2023-07-12,1.0900000000000034,0.372934497056211,0.19008037612350207
2023-07-13,-1.4200000000000017,-0.07588088449378808,-0.09383218668565321
2023-07-14,-1.269999999999996,0.13552210964432265,0.350050685508384
2023-07-17,1.5900000000000034,0.08147033494047748,0.39786967643231824
2023-07-18,-0.3599999999999994,-0.23079629879834007,-0.28754907079475905
2023-07-19,0.25,-0.21385841699337382,-0.5056227400427422
2023-07-20,1.4099999999999966,-0.01514878228713741,-0.18366009267457603
2023-07-21,1.75,-0.28749258913778164,-0.49375328020399684
2023-07-24,0.9500000000000028,-0.09100199363496353,-0.23500363769792326
2023-07-25,-0.6500000000000057,-0.08981257942222629,-0.3317509953273718
2023-07-26,1.0600000000000025,-0.08015476343901663,-0.4083469969455487
2023-07-27,0.3799999999999954,-0.14340781290818339,-0.10151668288880905
2023-07-28,1.25,0.04079089413799074,-0.021074640387069517
2023-07-31,-0.4299999999999926,-0.041835703045320326,-0.2991640521959784
2023-08-01,-1.8700000000000043,-0.22048198084016385,-0.027880678221309924
2023-08-02,2.0600000000000023,0.099595599035772,0.042197713209906396
2023-08-03,1.2000000000000028,-0.0524873698722392,-0.018714024050035357
2023-08-04,-0.8200000000000074,-0.141639265035296,-0.3919289161447336
2023-08-07,1.0,-0.10155039687325437,-0.3306297710124099
2023-08-08,1.4099999999999966,-0.38300131317107217,-0.6859455541407354
2023-08-09,-1.539999999999992,-0.37135876212266966,-0.7076529375980966
2023-08-10,0.3599999999999994,-0.5331311681529638,-0.5851138301863374
2023-08-11,-0.6700000000000017,-0.2809112454761006,-0.14232148873471312
2023-08-14,-1.4399999999999975,-0.1667845565399878,-0.1395850544547717
2023-08-15,-1.6599999999999966,-0.03834734881955928,0.06659142267192153
2023-08-16,1.0300000000000011,0.04498066998132046,0.48684239003739743
2023-08-17,0.8199999999999932,-0.03652366680818651,0.2820049827405031
2023-08-18,-0.5400000000000063,-0.11532748560885757,-0.011790124886382083
2023-08-21,-0.4599999999999937,0.4295949957465778,0.3517232117842076
2023-08-22,-1.3400000000000034,0.5299023951491584,0.5755029226257372
2023-08-23,0.6099999999999994,0.49453339636106697,0.6322884342417764
2023-08-24,0.9500000000000028,0.12977011691461088,0.20613049848203097
2023-08-25,0.1800000000000068,0.2056377837120255,0.19957266551332553
2023-08-28,0.4899999999999949,-0.022157263651644027,0.5141336104258994
2023-08-29,0.5,0.05552373163340183,0.5302477252356388
2023-08-30,1.9099999999999968,0.39310565066549485,0.7015930213397499
2023-08-31,1.9699999999999989,0.24672218537851406,0.07739042617918376
2023-09-01,1.2199999999999989,-0.4372542981156496,-0.5099269378423126
2023-09-05,0.8100000000000023,-0.5889901787271007,-0.4524739778702813
2023-09-06,-0.6799999999999926,-0.33469712965893084,-0.14569735828451733
2023-09-07,0.6400000000000006,0.11106852861450006,0.21656585776666243
2023-09-08,-0.2100000000000079,0.07061910260603563,-0.05747697889387854
2023-09-11,1.5700000000000074,-0.14883762527038388,-0.17959350835416352
2023-09-12,-0.2800000000000011,-0.08013384722953978,-0.17931979042207863
2023-09-13,1.539999999999992,-0.4839786520053563,-0.34338822666886076
2023-09-14,0.7000000000000028,-0.029764582598520595,-0.18817273731025697
2023-09-15,0.6400000000000006,-0.23194791259248168,-0.2861189629933895
2023-09-18,-0.3100000000000023,0.177317099729863,0.23945283548731866
2023-09-19,-1.9599999999999933,0.21719240198479087,0.24808595222093494
2023-09-20,0.3599999999999994,0.8881429742828608,1.0001146021635041
2023-09-21,0.4399999999999977,0.4801264584148527,0.38309263814757094
2023-09-22,-0.3199999999999932,0.03405343495175561,0.05231270499162351
2023-09-25,1.75,0.11923445287576186,0.3014635287979747
2023-09-26,2.239999999999995,0.2776752951710398,0.18135689843177938
2023-09-27,-2.019999999999996,-0.5379368331938911,-0.8823763252040997
2023-09-28,-0.8800000000000097,-0.12622455102956215,-0.2002358876163519
2023-09-29,-1.9599999999999933,0.6960335983630903,0.7687853298310741
2023-10-02,0.4500000000000028,0.4996427436056878,0.6111911251354241
2023-10-03,-4.940000000000012,0.494823752941788,0.5183816160525782
2023-10-04,-2.019999999999996,1.3358549448056198,1.6953231710594399
2023-10-05,0.5300000000000011,1.6371336054965688,1.8284645389080856
2023-10-06,3.0600000000000023,1.5608946575710663,1.8735105608658569
2023-10-10,-2.1899999999999977,0.3424722221030467,0.13936810779353057
2023-10-11,-0.8299999999999983,2.4497238889652606,2.7056710365375825
2023-10-12,4.799999999999997,0.9911116080245514,1.8581758057393063
2023-10-13,-1.019999999999996,1.6819464680109852,2.0511584515244268
2023-10-16,0.0099999999999909,1.1783909270747839,1.748433561945869
2023-10-17,1.6899999999999975,0.02638027010145861,0.14582084827751393
2023-10-18,1.0,-0.7653217747004099,-0.5989547872826384
2023-10-19,-0.2299999999999897,-0.25154498998729324,-0.935803222954115
2023-10-20,-3.6300000000000097,0.20084851445242322,0.14635052794199496
2023-10-23,-0.9099999999999966,2.023777634876374,1.433014499149605
2023-10-24,1.4899999999999949,2.042405760599822,1.736373443909764
2023-10-25,-2.269999999999996,0.04593793785144003,-0.3795913547068506
2023-10-26,2.240000000000009,1.3062313593303374,0.8793230960701033
2023-10-27,-3.010000000000005,-0.18315138954152216,-0.3588044204647019
2023-10-30,-1.3900000000000006,1.4381888335486537,1.3767673735568302
2023-10-31,-0.5900000000000034,1.9912788943526538,2.096392523070808
2023-11-01,1.990000000000009,-0.12287610466743339,-0.12669716021567307
2023-11-02,-1.8500000000000083,-0.4083861847668286,-0.7178823598169584
2023-11-03,0.3500000000000085,-0.32650522236088225,-0.04214692613582435
2023-11-06,-3.5800000000000125,-0.05890052832617124,0.02592118413330757
2023-11-07,-2.109999999999999,1.3340898966920098,1.4500284481132601
2023-11-08,0.4900000000000091,0.5922389085522978,0.543008849921357
2023-11-09,2.519999999999996,0.04172210196335436,0.05272368662544975
2023-11-13,0.0400000000000062,-0.3233055204450577,-0.2307375354609481
2023-11-14,-1.75,-0.23432417158820948,0.2480454778215859
2023-11-15,-3.6500000000000057,-0.10636794119378674,0.09228713459248968
2023-11-16,2.969999999999999,1.472508462719791,2.18685049247837
2023-11-17,1.6299999999999957,-0.5410654593639714,-0.7785263499684287
2023-11-20,0.25,0.6544663000327409,0.3607184074685862
2023-11-21,-1.5499999999999972,0.36025848260910154,0.41582824234912336
2023-11-22,-1.9699999999999989,0.4508616428872088,0.1609674743048222
2023-11-24,-0.3700000000000045,0.24836912445871462,0.22351104958699622
2023-11-27,1.6300000000000097,-0.09797582304657293,0.3427148574777819
2023-11-28,1.4699999999999989,-0.12759000645859397,-0.13231872812387088
2023-11-29,-1.9000000000000057,-0.12709281247592985,-0.004408303057178556
2023-11-30,-1.9599999999999933,0.04172946986238362,0.5382877340079036
2023-12-01,-0.9699999999999988,0.5404591955696691,0.9211521318486231
2023-12-04,-0.7800000000000011,0.8695519397598687,0.677265048683177
2023-12-05,-2.969999999999999,0.3505902714462371,0.5852719465901493
2023-12-06,0.019999999999996,1.4603878840930886,1.4563026480866395
2023-12-07,1.8700000000000043,-0.9515051835672439,-0.6904603174099841
2023-12-08,0.0799999999999983,-0.11899183717382346,0.3894074161730434
2023-12-11,-2.680000000000007,0.35034902674999574,1.2314067119948091
2023-12-12,0.8200000000000074,0.8046823876970591,1.1533201830952098
2023-12-13,2.1199999999999903,-0.7335035245236061,-0.28410091167234114
2023-12-14,-0.1599999999999966,0.11345788480893082,0.49981158248841145
2023-12-15,1.1099999999999994,0.2617376270990172,0.6106198575454904
2023-12-18,1.0700000000000074,-0.0582707411915267,0.5014206552421596
2023-12-19,0.6400000000000006,0.04993854284963715,0.3691137767350587
2023-12-20,-0.2800000000000011,0.006728733833146804,0.19256074419528865
2023-12-21,-0.2999999999999971,0.1585776649918645,0.3318765084166794
2023-12-22,2.549999999999997,0.07570303342544046,0.431842037301049
2023-12-26,-1.5300000000000011,-0.08522803718467838,0.2239893351240773
2023-12-27,-2.2900000000000063,0.08816415142088714,0.20533103713838707
2023-12-28,-0.1299999999999954,0.6309163618812892,1.0061476756797834
2023-12-29,-1.269999999999996,-0.604162897227395,-0.298520173376007
2024-01-02,2.3499999999999943,0.5850103336978997,0.5832470928374188
2024-01-03,-0.5900000000000034,0.17713392422743351,-0.35391891124271585
2024-01-04,1.6200000000000043,0.6098582925225478,0.9240935606083502
2024-01-05,-2.9399999999999977,0.4565827910716572,0.5008037163947644
2024-01-08,1.3700000000000043,-0.08773386815956151,0.5657362949501842
2024-01-09,-0.8600000000000136,0.19670380789294006,-0.1443665128362995
2024-01-10,0.5800000000000125,0.5359508495181755,1.0938953069716584
2024-01-11,0.789999999999992,0.546360955865872,0.2428854531763239
2024-01-12,-0.3100000000000023,0.17993916170513255,0.22329757645923223
2024-01-16,0.1600000000000108,0.1967426053320402,0.4313562282466467
2024-01-17,1.529999999999987,0.3853267307821659,0.3230042539330188
2024-01-18,-0.6299999999999955,0.5537544616489658,0.527718013753658
2024-01-19,1.5700000000000074,-0.14537091822268142,0.43634700824179473
2024-01-22,-0.5400000000000063,0.43605924915313543,0.08416347849505329
2024-01-23,0.7600000000000051,0.01944195169658195,0.4574312804650711
2024-01-24,2.4299999999999926,0.3197963498125311,-0.02021972095564221
2024-01-25,0.5400000000000063,0.12256874913717895,-0.5345202405658676
2024-01-26,-1.2000000000000028,-0.2533345294855824,-0.31609909656846014
2024-01-29,1.0499999999999972,0.35155946236934305,0.32180834801899627
2024-01-30,-2.019999999999996,0.32677385482281474,0.061493334363473644
2024-01-31,-1.9200000000000017,0.1269579675799643,0.3553026111271464
2024-02-01,-1.6400000000000006,-0.09668300608195424,0.4127618159632913
2024-02-02,0.4899999999999949,-0.1236861753069095,0.4861703892054644
2024-02-05,0.6200000000000045,-0.04637403882992954,-0.14362560348811254
2024-02-06,0.4300000000000068,-0.3472344504865296,-0.5185223529792279
2024-02-07,2.4099999999999966,-0.3644913557583104,-0.3761550838310083
2024-02-08,0.5900000000000034,-0.5306844925863783,0.14472265787502572
2024-02-09,0.0799999999999983,0.17497240366108788,0.36158815690866686
2024-02-12,0.9399999999999976,-0.278481120813484,0.18606238403677097
2024-02-13,-1.1899999999999975,-0.22939454799173895,0.026865103875652923
2024-02-14,1.3799999999999957,-0.3605534320082925,-0.10661628528400624
2024-02-15,1.1800000000000068,-0.3510632427047194,0.11500119134190127
2024-02-16,-0.9300000000000068,-0.5343543372070463,-0.28518512455667
2024-02-20,0.1700000000000017,-0.5233930308614294,-0.2890604427509284
2024-02-21,0.75,-0.12955597396690544,-0.11335230914875426
2024-02-22,-2.0400000000000063,-0.6266648704182831,-0.5030442487644183
2024-02-23,0.9300000000000068,-0.48975571035038057,-0.4119865135817326
2024-02-26,1.269999999999996,-0.0395533788280776,0.13371917732687472
2024-02-27,-0.3599999999999994,-0.2943384645123278,-0.4197774705835304
2024-02-28,-0.2199999999999988,-0.293976147802032,-0.35060228983709085
2024-02-29,1.6800000000000068,-0.3437378973016079,-0.4148956830656495
2024-03-01,-1.230000000000004,0.4168821666201507,0.16372428712178774
2024-03-04,-0.5600000000000023,0.26334952266223993,0.3471727862241483
2024-03-05,0.9699999999999988,0.08117585465190773,0.2316232390172702
2024-03-06,-0.269999999999996,0.07032402541032112,0.13076386928941566
2024-03-07,-0.8500000000000085,-0.1264565882302989,0.027290925757211586
2024-03-08,-0.0899999999999892,0.2863078738663557,0.23368079988984924
2024-03-11,-0.3599999999999994,0.3512990566450367,0.20197931857570436
2024-03-12,2.1599999999999966,0.5438666978085844,0.4097895176890188
2024-03-13,1.4899999999999949,0.067091291904406,0.0695630002558136
2024-03-14,-0.2199999999999988,0.04518081535330315,-0.21323715900830717
2024-03-15,1.740000000000009,0.057278383548678424,0.19091474432670552
2024-03-18,0.7099999999999937,0.42372046234706934,0.21910844647541153
2024-03-19,-1.5999999999999943,0.4754945772489977,0.2849727853374041
2024-03-20,-0.8000000000000114,-0.009904412076247794,-0.04300630737160094
2024-03-21,-0.8900000000000006,0.18651693064280794,0.361012524939218
2024-03-22,1.3100000000000025,0.4305995819029211,0.41064229770349087
2024-03-25,0.0,0.0027942676480172874,-0.07643955115905805
2024-03-26,-0.2599999999999909,-0.062089527716805405,0.15900305090814973
2024-03-27,1.809999999999988,0.018728195646686024,0.2834586974748685
2024-03-28,0.5800000000000125,0.20914229735360446,0.14111754443234711
2024-04-01,1.4099999999999966,0.05971684055767648,-0.020858146256062502
2024-04-02,0.269999999999996,-0.17449422938521403,-0.42080017368793815
2024-04-03,1.1500000000000057,-0.14041315877611252,-0.5606703642133115
2024-04-04,0.3199999999999932,-0.24237396512077405,-0.5278827283238391
2024-04-05,-0.4500000000000028,-0.24709976604152126,-0.4199526434687238
2024-04-08,-1.1999999999999886,-0.19763587691606568,-0.22333600531402945
2024-04-09,0.9399999999999976,-0.14392353349252723,-0.10235426219627933
2024-04-10,-1.1899999999999975,-0.21897903028883942,-0.2499861038368057
2024-04-11,0.6699999999999875,-0.22477252008538307,-0.1024675779021908
2024-04-12,-0.25,-0.34952724059044527,-0.8141502856765688
2024-04-15,-0.059999999999988,-0.26031471175208815,-0.15747341693685232
2024-04-16,-2.5700000000000074,-0.238851103849061,-0.1645926506846747
2024-04-17,-0.0799999999999983,-0.29920815880191126,-0.47655589262092607
2024-04-18,0.2900000000000062,-0.5363597215129242,-0.5575853156472401
2024-04-19,0.0299999999999869,-0.08620518656795403,-0.15753340669705662
2024-04-22,0.3500000000000085,0.7011872744349462,0.8796134916246828
2024-04-23,-0.0799999999999983,0.16019836124575773,0.1578083232781051
2024-04-24,0.8299999999999983,0.10028120642774759,0.12073105793841545
2024-04-25,0.4599999999999937,0.09696699071295985,0.05647401430162737
2024-04-26,-1.1199999999999903,-0.2978372694436845,-0.3260452502335082
2024-04-29,-0.7700000000000102,-0.2313781831661931,-0.20163419685527212
2024-04-30,-2.789999999999992,-0.24820791036177525,-0.29398827441787867
2024-05-01,-0.1099999999999994,0.031682915313883515,-0.003428237475360734
2024-05-02,-0.9399999999999976,0.021899401019280586,0.3487002590216276
2024-05-03,0.4499999999999886,-0.029681729804851714,-0.07085151307630522
2024-05-06,-0.1299999999999954,0.05248522382859466,0.11914247705405011
2024-05-07,0.5999999999999943,-0.037709340531458996,-0.1302478224715298
2024-05-08,0.2900000000000062,-0.047596285530633664,-0.07226172743161843
2024-05-09,-1.0499999999999972,-0.07686583102329085,-0.09697479484672905
2024-05-10,0.8999999999999915,0.2008839587155637,0.23596686855258633
2024-05-13,-1.0899999999999892,0.27364133451020706,0.1844799631904943
2024-05-14,0.6099999999999994,0.29759608235767077,0.23817299800256994
2024-05-15,0.6199999999999903,0.27018924309614895,0.22448781402364743
2024-05-16,0.8100000000000023,0.15011038354771294,0.16168798189403724
2024-05-17,-0.269999999999996,-0.09334632454656841,-0.036626371166093574
2024-05-20,-0.730000000000004,-0.09946599700689539,-0.12453239802245325
2024-05-21,-1.509999999999991,-0.13214560776931877,-0.05999109990055402
2024-05-22,-1.6800000000000068,0.00030671212505956015,0.1522211127187491
2024-05-23,1.0100000000000051,-0.05667793787104072,0.009130264903842339
2024-05-24,2.4200000000000017,-0.2607854406371492,-0.32763853103653384
2024-05-28,-0.6600000000000108,-0.07705432201293709,-0.4875145613899191
2024-05-29,-1.2800000000000011,0.5574371011409777,0.24613247516228004
2024-05-30,-0.9899999999999948,0.4998960538583051,0.4755167501028394
2024-05-31,-2.7099999999999937,-0.06446803376815818,0.06509700755706123
2024-06-03,-0.9900000000000092,-0.24492570225877608,-0.48139049104794884
2024-06-04,0.8100000000000023,-0.11367605810958376,-0.4373069916611963
2024-06-05,1.4399999999999975,-0.03980394346160084,-0.037985332723759674
2024-06-06,0.0100000000000051,-0.01829018315241895,-0.12030353045612456
2024-06-07,2.219999999999999,-0.12256204188518716,-0.1727270274846216
2024-06-10,0.1299999999999954,0.1744297110084056,0.03839455078159869
2024-06-11,0.6800000000000068,-0.0030741018616085385,-0.032126135526624515
2024-06-12,0.0499999999999971,-0.0929500953408549,-0.20749086599971786
2024-06-13,-0.2000000000000028,-0.1831367633653908,-0.07239675285931639
2024-06-14,1.9200000000000017,-0.0048439462521394396,-0.014434994087833304
2024-06-17,1.3400000000000034,0.00925488574971927,-0.008300774076194511
2024-06-18,0.6700000000000017,0.1998171230348421,0.1125445612510205
2024-06-20,-1.6300000000000097,0.083894865459125,0.015205531046469769
2024-06-21,0.9200000000000016,-0.18702047571484043,-0.23064063331601328
2024-06-24,-0.6599999999999966,-0.20489034998426062,-0.24350985530660574
2024-06-25,0.2199999999999988,-0.03244859452755801,-0.14497607853904823
2024-06-26,0.8500000000000085,-0.20181136339522232,-0.24058344224042286
2024-06-27,-0.2100000000000079,-0.14263304457984488,-0.20004926641255866
2024-06-28,1.8700000000000043,-0.1507161034646881,-0.32525920327791386
2024-07-01,-0.6099999999999994,0.32025419283445206,0.026013915706537213
2024-07-02,1.0999999999999943,-0.1326495415137222,-0.3379764595116857
2024-07-03,-0.75,0.1354965086350097,-0.11665078482824191
2024-07-05,-0.8100000000000023,-0.23624556953698755,-0.3185164572671048
2024-07-08,-0.8499999999999943,0.14625746697252776,-0.10551469041569636
2024-07-09,0.6099999999999994,0.33101877712839217,-0.04264872321820985
2024-07-10,0.5300000000000011,0.21939504488373088,0.06036933663899957
2024-07-11,-0.4300000000000068,0.04888144653400324,0.07195838335618449
2024-07-12,-0.269999999999996,-0.11241057019995127,0.10327327312895888
2024-07-15,-1.2999999999999972,0.4634179834167362,0.4434629868081532
2024-07-16,2.239999999999995,0.6350026543354125,0.367912181254677
2024-07-17,0.0100000000000051,0.17767005642843367,0.389718153607125
2024-07-18,-2.739999999999995,0.09139560660097733,0.19986664906710394
2024-07-19,-0.1800000000000068,-0.5154106946350412,-0.2423956949203933
2024-07-22,-3.010000000000005,0.709042052592565,0.6369962090768606
2024-07-23,0.5400000000000063,0.14945900801552534,-0.28609768789463874
2024-07-24,0.6500000000000057,0.9930781501568066,1.0026413116589212
2024-07-25,-0.8500000000000085,0.10608538550143566,0.20606865966683174
2024-07-26,-1.3100000000000025,-0.6112878761804901,-0.392155828126322
2024-07-29,-1.0999999999999943,0.13108889300865365,-0.0561324763595173
2024-07-30,3.1899999999999977,0.18968388996465138,-0.039763595247832705
2024-07-31,-1.6200000000000043,0.6709427556360339,0.43778265803756095
2024-08-01,-2.75,0.4396021906144716,0.259735758231009
2024-08-02,-0.5300000000000011,-0.26503536480094275,0.04737605840443361
2024-08-05,0.1400000000000005,-0.6018978647519045,-0.3304834167876953
2024-08-06,2.0800000000000125,0.6101234344291854,0.9775905081183704
2024-08-07,0.9599999999999936,0.25158775506643616,0.2583526077853328
2024-08-08,0.6400000000000006,-0.20351254076421932,0.3387796919559228
2024-08-09,3.1700000000000017,0.02698531179214352,0.18965250768989667
2024-08-12,-1.6400000000000006,0.15652034509257157,-0.1621770565423291
2024-08-13,-1.3400000000000034,-0.08890622601246018,0.20115997391980495
2024-08-14,1.1899999999999975,-0.2219186879316028,-0.22144834694160687
2024-08-15,-1.6099999999999994,-0.18336516927770674,-0.4018762359717693
2024-08-16,-2.230000000000004,-0.2231905643066472,-0.3654192308217309
2024-08-19,-0.5499999999999972,0.1730848144785341,0.3160316932295813
2024-08-20,-2.509999999999991,-1.0427186329393676,-0.617448594024819
2024-08-21,0.9599999999999936,0.08043605475134472,0.537223188812797
2024-08-22,2.0999999999999943,-1.2663508522119316,-1.149927471576608
2024-08-23,2.5800000000000125,-0.03258431812420787,-0.38003196071410666
2024-08-26,-1.9000000000000057,-0.48114234236738673,-0.4561487090896539
2024-08-27,-1.0100000000000051,0.08937556429634246,-0.04389156448124368
2024-08-28,1.4100000000000108,-0.08045918259744382,-0.0999442220537525
2024-08-29,-2.3800000000000097,-0.06509353559832226,-0.08765612764560432
2024-08-30,-3.239999999999995,-0.26644069243459156,-0.07711794609839845
2024-09-03,-1.1700000000000017,-0.13803491030165504,0.2565793556151923
2024-09-04,-0.019999999999996,0.27772978242392793,0.3795038387378376
2024-09-05,-1.5100000000000051,0.43543421897325335,0.9440176301609915
2024-09-06,1.0700000000000074,-0.6674517888825166,-0.35670136672646396
2024-09-09,-2.9200000000000017,-0.37318500905471425,0.005134389760212068
2024-09-10,1.519999999999996,1.5961796079087567,1.6210142092654805
2024-09-11,1.6400000000000006,-0.21425148546905542,-0.6687173905119161
2024-09-12,-0.2999999999999971,0.37171692041370924,0.2825296684527884
2024-09-13,1.509999999999991,0.10549260600406477,0.06599558031816978
2024-09-16,1.0600000000000025,0.11248997957959309,0.3793766685405281
2024-09-17,-0.289999999999992,0.20692900013121454,0.10900530020936698
2024-09-18,0.9899999999999948,0.14476002732258964,0.019415722001428794
2024-09-19,-0.1400000000000005,0.03665495642238592,-0.006483771953095881
2024-09-20,-1.3900000000000006,-0.08167424909683009,-0.36963610987772283
2024-09-23,1.0100000000000051,0.1976402986893024,0.3018679679589568
2024-09-24,-1.9200000000000017,-0.18467338424043314,-0.32964707760117357
2024-09-25,-2.140000000000001,-0.0741223465989311,0.035165823184827874
2024-09-26,0.4399999999999977,0.5410160853404887,0.9884551185454695
2024-09-27,0.0300000000000011,-0.1012018566727951,-0.5349309924875899
2024-09-30,1.6599999999999966,-0.23577696578224422,-0.03929002191128458
2024-10-01,0.3299999999999983,0.33752131020973924,0.6858357794520884
2024-10-02,3.5900000000000034,-0.06504895239420252,0.08022357941819219
2024-10-03,0.6000000000000085,0.532559859066977,1.0059265774135717
2024-10-04,2.8299999999999983,0.26138125472589857,0.30788765600355633
2024-10-07,-3.5,0.47931395315713893,0.8556874832607287
2024-10-08,-0.4100000000000108,0.0014246126013894521,-0.3694692647985956
2024-10-09,2.609999999999999,0.0011981722985412546,-0.01593439876918886
2024-10-10,-0.3499999999999943,0.053829406945721095,0.07325115175460137
2024-10-11,-4.890000000000001,-0.5067232186593409,-1.0613172129254593
2024-10-15,-0.25,0.4730903267566592,0.3447500405756349
2024-10-16,0.2900000000000062,0.2848017396334632,0.7342427787411439
2024-10-17,-1.480000000000004,0.6943022264874558,1.009337807150685
2024-10-18,1.3799999999999957,0.5351818998059841,0.6769110586727602
2024-10-21,1.6800000000000068,0.5430940470322281,0.5740468292995861
2024-10-22,-1.4699999999999989,0.10704365368997631,0.37185059175449586
2024-10-23,-0.7900000000000063,0.30832377021919527,0.2422157572824529
2024-10-24,1.4399999999999975,0.5558717203374548,0.514082827133865
2024-10-25,-4.36999999999999,0.4104366039903096,0.6437719132718381
2024-10-28,-0.1700000000000017,1.5153771783428163,0.7915623929060425
2024-10-29,1.4299999999999926,-0.06727364105800716,-0.18588178267809163
2024-10-30,0.6700000000000017,-0.020069725230898495,-0.22560970115994308
2024-10-31,0.2300000000000039,0.6353335407030263,0.016129481320357422
2024-11-01,2.019999999999996,1.0365889933503163,1.0398691459961444
2024-11-04,0.4300000000000068,-0.7408827030455438,-0.6771642787537965
2024-11-05,-0.2800000000000011,0.9898924106735459,0.6525242345274187
2024-11-06,0.7099999999999937,0.35615242075636866,0.14113334951431095
2024-11-07,-2.0,0.5195457025896626,0.47161175201992084
2024-11-08,-2.259999999999991,1.353102589817077,1.2833262602614233
2024-11-12,0.3299999999999983,1.6788000370637672,1.5856553975428362
2024-11-13,0.2299999999999897,0.24561044764067463,0.3129987266546475
2024-11-14,-1.6599999999999966,-0.4420639734888594,-0.012495290824003032
2024-11-15,2.1299999999999955,0.2794293256757626,0.5947669312320932
2024-11-18,0.2900000000000062,-0.10689853030117534,-0.10768661728057918
2024-11-19,-0.5,0.020987836758700872,0.1037359324048484
2024-11-20,1.1400000000000006,-0.005765462685881961,0.15857858071508868
2024-11-21,1.2900000000000065,0.11761245900822016,0.32150969556410963
2024-11-22,-2.2700000000000102,0.08436408013632589,0.08524745703649941
2024-11-25,-0.3599999999999994,1.0740071927268124,0.8552037492156855
2024-11-26,-0.019999999999996,0.5802561811208644,0.42540752230647855
2024-11-27,-0.769999999999996,-0.10067721912858886,0.0525850262908785
2024-11-29,0.0899999999999892,0.1830847611036596,0.1659936349048945
2024-12-02,1.8000000000000114,0.47142014953903105,0.9020870758790328
2024-12-03,-1.3400000000000034,0.4150757451298716,0.6790500302010636
2024-12-04,-0.2300000000000039,0.6711505028144192,1.0778083279519761
2024-12-05,0.0,0.5753434887233456,0.7931451924763524
2024-12-06,0.0700000000000073,0.14092318918179825,0.11591933791135184
2024-12-09,0.1999999999999886,0.07380421373753565,0.22895165406636822
2024-12-10,1.7199999999999989,0.18124370250846977,0.04075389027871201
2024-12-11,-0.3199999999999932,0.24806669219551214,0.1505610986819753
2024-12-12,1.2900000000000065,0.13224431444089876,0.018175435127004848
2024-12-13,-0.5100000000000051,0.02000678669676776,-0.11650094270764287
2024-12-16,-0.7199999999999989,0.3915908247220082,0.4692475555371206
2024-12-17,0.4899999999999949,0.16554426452613918,0.14399809329205507
2024-12-18,-0.7000000000000028,-0.2838613889658808,-0.1297288314641702
2024-12-19,-0.3900000000000005,0.1885867389822829,-0.12101746140751007
2024-12-20,-0.2099999999999937,0.7172112185458374,0.7889688592855233
2024-12-23,1.3700000000000043,0.15254370144519883,0.04616427461541113
2024-12-24,-0.4900000000000091,0.11243652117001121,0.16675056068574534
2024-12-26,0.9000000000000057,0.14612234650239814,0.20624556693238638
2024-12-27,0.4500000000000028,0.16919795369962648,0.15426353643880275
2024-12-30,0.7099999999999937,0.22628726237705288,0.09003392105364402
2024-12-31,1.3500000000000083,0.16554426452613918,0.16391321121836705
2025-01-02,0.8499999999999943,-0.06332315555108016,-0.169735494572509
2025-01-03,-0.3299999999999983,0.10634487105605121,0.12066097857815969
2025-01-06,0.6799999999999926,0.11469878911265359,0.05498765698160127
2025-01-07,-1.0,0.17172199554521173,0.09771838808345192
2025-01-08,3.280000000000001,0.2694182976913896,0.23277977351118515
2025-01-10,2.299999999999997,0.03336592994355371,0.05354960317892936
2025-01-13,-1.3699999999999903,-1.1133717808009307,-1.293144377412967
2025-01-14,2.530000000000001,0.17931090280688547,0.17187936781854857
2025-01-15,-1.3800000000000097,0.28814886370341125,0.22318524998663333
2025-01-16,-0.789999999999992,-0.09410945191050958,-0.30149333304514747
2025-01-17,-1.769999999999996,0.39957264161826633,0.5052736895788164
2025-01-21,-0.6700000000000017,1.0292207545531424,1.496377322139446
2025-01-22,-1.0900000000000034,0.4616856406413188,0.6117451097429235
2025-01-23,-0.0600000000000022,0.44374976005631195,0.5525358321007758
2025-01-24,-1.4599999999999935,-0.193865571308594,-0.27786591797742183
2025-01-27,0.6400000000000006,-0.714766658576543,-0.7714695868982467
2025-01-28,-1.210000000000008,0.6152019308285434,0.7045295018494339
2025-01-29,0.1599999999999966,-0.23599104527691114,0.1789606249380033
2025-01-30,-0.2599999999999909,-0.24689160606908295,0.048612809201924095
2025-01-31,0.6799999999999926,-0.5948868897488495,-0.1464214159671447
2025-02-03,-0.4799999999999897,-0.3337655867660331,-0.6117524431322419
2025-02-04,-1.6500000000000057,-0.07978237416516691,-0.1953316168732212
2025-02-05,-0.4200000000000017,-0.06455141204572873,-0.26711167416970377
2025-02-06,0.3499999999999943,0.10045096504456394,0.14518053230556383
2025-02-07,1.4100000000000108,-0.43657703115942453,-0.4412982677678422
2025-02-10,0.9399999999999976,-0.24787063899419906,0.03441596677241484
2025-02-11,-1.9500000000000028,-0.3956749664434851,-0.1923879092516705
2025-02-12,-0.0600000000000022,0.10222964915674107,-0.25435294214932824
2025-02-13,-0.6099999999999994,0.12044609378781677,0.09041426498514354
2025-02-14,1.1599999999999966,0.06937717223169443,0.03471408131001419
2025-02-18,0.3700000000000045,-0.22888818025648228,-0.08985959484750722
2025-02-19,0.2999999999999971,-0.05253671213403857,-0.01575085264078237
2025-02-20,-2.1599999999999966,-0.4437618005683481,-0.3546601765376529
2025-02-21,0.3400000000000034,-0.6379432038090795,-0.03329150381324521
2025-02-24,-1.9099999999999968,-0.4796654016448309,-0.16601292021794337
2025-02-25,-0.2800000000000011,-0.17085120142259042,-0.239097643183585
2025-02-26,1.75,0.13730709208737502,-0.011398576624727472
2025-02-27,-0.6500000000000057,0.32571630962675796,0.21127646419348844
2025-02-28,-1.3400000000000034,-0.6641981353537536,-0.7942460107856933
2025-03-03,-0.1599999999999966,-0.6522015671751479,-0.5659594524864014
2025-03-04,-1.8900000000000008,-0.31154962465633335,-0.20641766989050692
2025-03-05,0.0400000000000062,-0.16070723742751852,0.19253118663848415
2025-03-06,0.6700000000000017,-0.26281335070572354,0.113072703496476
2025-03-07,-0.980000000000004,-0.030153116988916092,0.12791827796938443
2025-03-10,0.2099999999999937,-0.401504677582648,-0.4480605507455936
2025-03-11,1.1300000000000097,0.2989459553764556,0.42531186676159427
2025-03-12,-0.8300000000000125,0.18765529035416906,0.08179531883213606
2025-03-13,0.6100000000000136,0.2834489124448292,0.19354223650003036
2025-03-14,0.4099999999999966,-0.14774744030201198,-0.23796685758584235
2025-03-17,-0.3500000000000085,-0.11256406113157769,-0.054245457123208156
2025-03-18,-0.0899999999999892,-0.0024470387992289737,0.18173652659279418
2025-03-19,1.1499999999999917,-0.0741639014007424,-0.017128621969986213
2025-03-20,-0.0300000000000011,-0.05920559743020912,0.10611388552736419
2025-03-21,0.9399999999999976,0.1674744556844312,0.038720473514650536
2025-03-24,0.0200000000000102,0.21389081002802743,0.18195986026871924
2025-03-25,0.5699999999999932,0.22664414503564537,0.34090877498981076
2025-03-26,0.25,0.0872495178939362,0.14496814683863318
2025-03-27,-0.5600000000000023,0.19273072525849957,0.15378132127454164
2025-03-28,2.1300000000000097,-0.23664097510525398,-0.37582866675551313
2025-03-31,-0.2600000000000051,0.23168244673628668,0.23340306634022448
2025-04-01,0.5100000000000051,0.33672220844524914,0.3019858406838187
2025-04-02,-4.689999999999998,0.02889140716951407,0.07456900415479985
2025-04-03,-5.010000000000005,-0.5653451789318875,-0.3046777748246399
2025-04-04,-1.3700000000000043,0.6899823506797284,1.3083923773081163
2025-04-07,-1.009999999999998,0.010599340742942064,0.1583662887267487
2025-04-08,2.5900000000000034,-0.19594693860393358,0.03253278266968675
2025-04-09,-2.0600000000000023,0.7282601912138357,0.8751994332149361
2025-04-10,1.3399999999999963,-0.1350905083010413,0.28053373208085863
2025-04-11,0.0800000000000054,-0.3370907073965368,0.06443107579630633
2025-04-14,-0.25,0.5305863686007275,0.9673749278107068
2025-04-15,1.1400000000000006,0.1096445723067373,0.2700364069223952
2025-04-16,2.1899999999999906,-0.41497448057225705,0.04798048310805139
2025-04-17,-1.5899999999999963,0.15284071898363197,0.006391605725213986
2025-04-21,1.1199999999999974,-0.1405656000515465,-0.25019840952965233
2025-04-22,-1.9599999999999933,0.28665784441305925,0.7249005012688781
2025-04-23,0.9099999999999966,0.6124973858471077,0.7856965123500035
2025-04-24,0.3000000000000042,0.5275777587256438,0.605585427644483
2025-04-25,-0.5500000000000043,0.7408482445870759,0.9288648861059782
2025-04-28,-1.4599999999999935,0.5373064429295862,0.8050025103152465
2025-04-29,-2.2900000000000063,0.595842115697895,1.07812877101983
2025-04-30,1.0400000000000065,0.767038167049391,1.4698746678343162
2025-05-01,-0.9200000000000016,-0.2281857257498343,0.32700048567704526
2025-05-02,-1.1700000000000017,0.17016963417125447,0.6572556836335595
2025-05-05,1.9200000000000017,0.23999957694425111,0.36439747898385316
2025-05-06,-1.0,-3.798694711167343e-05,-0.03050914371933215
2025-05-07,1.8299999999999983,0.24409236645531676,-0.08054720626796225
2025-05-08,1.1199999999999974,0.5308351667044777,0.42257489534549636
2025-05-09,0.9500000000000028,-0.17959467921481667,-0.09854641030431273
2025-05-12,1.720000000000006,-0.05155198837914182,0.1469661727035491
2025-05-13,-0.5600000000000023,-0.09864423572721426,-0.4026216461444551
2025-05-14,-1.4500000000000028,-0.7668580334470825,-0.9453183240341309
2025-05-15,0.8100000000000023,-0.28954520572968057,-0.18261890002749845
2025-05-16,0.1399999999999934,0.2224208379391412,0.27294646653971794
2025-05-19,-0.009999999999998,-0.34928801838283874,-0.0048757122696113375
2025-05-20,-1.0399999999999991,-0.048561172865007336,0.25986356029488833
2025-05-21,-0.3800000000000025,-0.3166596883176023,0.10320923001358791
2025-05-22,0.3400000000000034,0.18425285504855088,0.2416682501476792
2025-05-23,-1.2800000000000011,-0.3847171945398207,-0.036773407074808334
2025-05-27,0.9299999999999996,0.29865486077301956,0.5557621963824124
2025-05-28,-0.8800000000000026,0.04237572596788429,0.11694578562031824
2025-05-29,-0.1999999999999957,-0.05276059363250357,0.06080914273814991
2025-05-30,1.8100000000000025,0.28746659732967017,0.23104796350588538
2025-06-02,0.8299999999999912,0.019012000221143577,-0.1274124331243866
2025-06-03,-0.529999999999994,-0.03546331934880183,-0.04717721692625347
2025-06-04,0.490000000000002,-0.21540117670587508,-0.3550561406326555
2025-06-05,1.2399999999999949,-0.021786019422135816,2.17714315995602e-05
2025-06-06,0.6899999999999977,-0.18191147161446727,-0.12449461871474761
2025-06-09,-0.3299999999999983,-0.15489012562508067,-0.20474475400770115
2025-06-10,3.25,0.006795909276711967,-0.07584085544711622
2025-06-11,-0.1799999999999926,0.1403123150472534,0.14097539787941787
2025-06-12,5.109999999999999,-0.2465970476777352,-0.3346934514260274
2025-06-13,-1.3100000000000025,2.6964112588700204,3.244288849746387
2025-06-16,3.0900000000000034,0.7511265317006439,1.0736511665817954
2025-06-17,0.269999999999996,0.7426103410626907,1.1002766345767587
2025-06-18,-0.1700000000000017,-0.9555411689619119,-0.8740743843589073
2025-06-20,-6.359999999999999,-0.5390198521102426,-0.38360676127424864
2025-06-23,-3.9099999999999966,0.4409592427962188,-0.19957113729828657
2025-06-24,0.5300000000000011,1.4183294644968465,1.6264903534286221
2025-06-25,0.4599999999999937,0.6127400740199836,0.887002784867042
2025-06-26,0.2199999999999988,-0.10125768554257826,-0.044588611356118676
2025-06-27,-0.3599999999999994,-0.003711338188235823,0.03435208120327669
2025-06-30,0.3400000000000034,-0.08618873795981292,0.11943924371215674
2025-07-01,2.019999999999996,0.12519725638568524,0.11368320064461646
2025-07-02,-0.5300000000000011,0.014065849301634197,-0.25183999995567014
2025-07-03,1.0300000000000011,-0.2710446068785964,-0.07470102035497327
2025-07-07,0.3900000000000005,-0.2379744176061445,0.07814184609158482
2025-07-08,0.0600000000000022,0.05594152672738705,-0.15070800333779036
2025-07-09,-1.8299999999999983,-0.06438944468615887,0.28092538787897237
2025-07-10,1.8499999999999943,0.18679085269000326,0.4913846745325515
2025-07-11,-1.4399999999999975,-0.35054054665891743,-0.03663854964756624
2025-07-14,-0.4299999999999926,-0.04310093321038917,0.02033301119938151
2025-07-15,-0.6300000000000097,0.3972648452164738,0.46390870747527885
2025-07-16,1.6300000000000097,0.38805026088583267,0.40211065960573766
2025-07-17,-0.2300000000000039,0.07632333076717361,0.16326407786228128
2025-07-18,-0.1400000000000005,-0.17787490056239874,-0.16961515029951976
2025-07-21,-0.8299999999999983,0.10585666373450293,0.05307706553080216
2025-07-22,-1.5100000000000051,-0.3420658315840735,-0.17715286037237063
2025-07-23,1.1099999999999994,0.11269674276204596,-0.01577592897398111
2025-07-24,-0.7800000000000011,-0.060918538702531735,0.32154938691853013
2025-07-25,1.4300000000000068,0.3539897993246418,0.4279292572775153
2025-07-28,2.4599999999999937,-0.2113901503106588,-0.05902717215309626
2025-07-29,0.8200000000000074,-0.6167150782038855,-0.15967153369037781
2025-07-30,-0.730000000000004,0.5244111313945601,0.5085629279361256
2025-07-31,-1.9699999999999989,-0.15848715516209583,-0.07277359156515598
2025-08-01,-1.0600000000000025,-0.3546480217439963,-0.7954230902928835
2025-08-04,-1.1299999999999957,0.3516586389789363,-0.05503804572814909
2025-08-05,-0.8200000000000074,0.20998013466936286,-0.009930011114308948
2025-08-06,-0.4799999999999897,0.0877287124479528,0.030266799561118878
2025-08-07,0.039999999999992,0.0847584900582228,-0.1840778855168304
2025-08-08,0.0900000000000034,-0.021487844272939958,0.16395865996360998
2025-08-11,-0.8100000000000023,0.0005645631394270317,-0.08212447801282637
2025-08-12,-0.5399999999999991,-0.17541743149095207,-0.16244545655055634
2025-08-13,1.3099999999999952,-0.06925921590775623,-0.14305656754467536
2025-08-14,-1.2099999999999935,0.4853392761425241,0.48306623920147146
2025-08-15,0.730000000000004,-0.16704179569460492,-0.021464274627710597
2025-08-18,-1.1300000000000026,-0.1570472187059426,-0.12262152518491873
2025-08-19,0.8099999999999952,-0.016682021171585956,0.3020234139444612
2025-08-20,0.3700000000000045,-0.05393041807796266,-0.06902460634615731
2025-08-21,-0.480000000000004,0.20611401099036605,0.3881904540311448
2025-08-22,1.1000000000000083,0.1442731533329093,-0.12339226493973554
2025-08-25,-1.5800000000000054,0.09702595342246478,0.0180459535368217
2025-08-26,0.8899999999999935,0.27071200782834404,0.21590519970004046
2025-08-27,0.4699999999999988,0.1262067386169074,-0.06136290803867827
2025-08-28,-0.5999999999999943,-0.06898029218251067,-0.17807107097089778
2025-08-29,1.5900000000000034,0.024986188558611993,0.01548701452648838
2025-09-02,-1.5900000000000034,-0.25229114720748075,-0.2042018277230576
2025-09-03,-0.5499999999999972,-0.7011292453278519,-0.6494962023338007
2025-09-04,-1.5900000000000034,-0.34213177565712405,-0.24206921018486804
2025-09-05,0.3800000000000025,-0.2063067251928662,-0.10164870418631086
2025-09-08,0.3699999999999974,-0.23227237079534124,-0.1997895679883601
2025-09-09,1.0400000000000065,-0.1681815711804115,-0.23390030506486537
2025-09-10,-1.3000000000000045,-0.18027849499675797,-0.2331516706580068
2025-09-11,0.3100000000000023,-0.2895920897996828,-0.03600874979978773
2025-09-12,0.6399999999999935,0.19716432451946986,-0.03509229514067259
2025-09-15,1.230000000000004,0.42723156827809233,0.28807005023634
2025-09-16,-0.480000000000004,0.0713619858189068,-0.08269097178080001
2025-09-17,-0.5,-0.3013822451544544,-0.3106867218990422
2025-09-18,-0.8899999999999935,0.025694888939897863,-0.037567463280986986
2025-09-19,-0.0300000000000011,0.09104325846134755,0.12234257929549805
2025-09-22,0.769999999999996,-0.12192954342120199,-0.08346336627826961
2025-09-23,1.6400000000000077,-0.05237579215496564,0.04002531195677689
2025-09-24,0.1099999999999994,0.01641015444327588,0.052646043549733935
2025-09-25,0.9899999999999948,-0.31471478094678235,-0.30101121395407
2025-09-26,-2.230000000000004,-0.28103829805346453,-0.15697044770145333
2025-09-29,-1.0999999999999943,-0.2818167128959978,0.0018567444433240932
2025-09-30,-0.5799999999999983,-0.40319501203204583,-0.16379604623496377
2025-10-01,-1.3100000000000025,-0.25950927205805246,-0.29889604410844195
2025-10-02,0.3699999999999974,0.07944070834292956,-0.12464115104908569
2025-10-03,0.8400000000000034,-0.13620438444126176,-0.2754648533178276
2025-10-06,0.0300000000000011,-0.09187883458069428,-0.28675587193778734
2025-10-07,0.8499999999999943,-0.07466854233415945,-0.02552537359267245
2025-10-08,-1.009999999999998,-0.08838664526565423,-0.0976992702945378
2025-10-09,-2.609999999999999,-0.21669355925771328,-0.10053816024595445
2025-10-10,-0.2299999999999968,-0.20177902183630575,0.23109670025363363
2025-10-14,-0.4400000000000048,-0.01139841036179676,-0.31023492787551654
2025-10-15,-0.7899999999999991,-0.153505647183856,-0.32917419314977536
2025-10-16,0.009999999999998,-0.41176409771469086,-0.25527162523232205
2025-10-17,0.0400000000000062,-0.2070639441819385,-0.3693554076335209
2025-10-20,0.3199999999999932,0.03436583249538569,-0.1503557127127445
2025-10-21,0.6400000000000006,-0.07849585714579055,-0.2977895339052711
2025-10-22,3.140000000000001,0.1799040129565496,0.01444840074626408
2025-10-23,-0.1699999999999946,-0.047126043798124226,-0.025852642724282726
2025-10-24,-0.1400000000000005,0.8083750291939243,1.044616443099762
2025-10-27,-1.1600000000000037,0.15762831267545183,0.08591470991707044
2025-10-28,0.2899999999999991,0.05631458653749784,0.06981518002495456
2025-10-29,0.1000000000000014,-0.1270171349829257,-0.029678025272283567
2025-10-30,0.3900000000000005,0.03167496637288098,-0.07621401426154871
2025-10-31,0.0399999999999991,-0.16609326731269475,-0.33013130059976875
2025-11-03,-0.4099999999999966,-0.0947702252918344,-0.17694617119947234
2025-11-04,-0.980000000000004,-0.0772788459575796,-0.1419081807260048
2025-11-05,-0.1599999999999966,-0.13349398341500973,0.032959092420896494
2025-11-06,0.2999999999999971,-0.22605307261549162,-0.10330478750288578
2025-11-07,0.3999999999999986,-0.328880727757654,-0.44515709267839904
2025-11-10,-1.6400000000000006,0.01790323720796716,-0.006430273982305872
2025-11-12,0.240000000000002,-0.09851219036963549,-0.11622611456321519
2025-11-13,1.3299999999999983,-0.16401153311021568,-0.030729736107730242
2025-11-14,-0.2100000000000008,0.037669773091044856,0.07265517172115132
2025-11-17,0.8500000000000014,-0.0462693657138316,0.1449247398710287
2025-11-18,-1.2399999999999949,-0.06701860112963626,-0.4564738970495361
2025-11-19,-0.2000000000000028,0.12524885390327806,0.29378225033234023
2025-11-20,-1.2100000000000009,0.008563819936932185,0.23109591820464542
2025-11-21,0.25,0.005468891983854633,0.15594621293039054
2025-11-24,-0.8599999999999994,-0.15529779496407758,0.044328765074713755
2025-11-25,0.5600000000000023,-0.2594889804718864,0.0399553524368783
2025-11-26,-0.2300000000000039,-0.0001864230518761412,-0.17685577965608482
2025-11-28,0.8900000000000006,-0.16124054020295261,-0.1269310634409391
2025-12-01,-0.6599999999999966,0.22242425961057294,0.27360867334441974
2025-12-02,0.2800000000000011,0.38579330924993094,0.4176556457946749
2025-12-03,0.7299999999999969,0.36645996134086173,0.3760989921915445
2025-12-04,0.4099999999999966,0.3020216752258464,0.2915189014055784
2025-12-05,-1.1899999999999975,0.1156101532314578,0.10806731372754153
2025-12-08,-0.6400000000000006,0.2610239217396953,0.4748642175444278
2025-12-09,0.2700000000000031,0.1460141109569063,0.19847684774612037
2025-12-10,-0.9100000000000036,0.2685264816957596,0.31389201537093814
2025-12-11,-0.1499999999999985,0.5048273657002051,0.5257562527705241
2025-12-12,-0.6400000000000006,0.15158377129025274,0.25208881851497
2025-12-15,-1.5300000000000011,0.18915415647173933,0.2495742606525497
2025-12-16,0.6300000000000026,0.3019574368992653,0.37265618922690635
2025-12-17,0.1499999999999985,0.18507355385237828,0.23654519005380378
2025-12-18,0.5799999999999983,0.26984770165192534,0.24096472096435484
2025-12-19,1.3800000000000026,0.31447671861542487,0.3092830530002508
2025-12-22,0.3699999999999974,0.13221240703018938,0.05903157280980442
2025-12-23,0.1700000000000017,0.33984991626480565,0.3250635839749984
2025-12-24,-2.119999999999997,0.3918801467169182,0.3267099453518803
2025-12-26,1.2899999999999991,0.17746819117540058,0.4416686214371338
2025-12-29,-0.1000000000000014,-0.3674380746535094,-0.3704822704907911
2025-12-30,-0.5300000000000011,0.24816345497550946,0.30567573989810987
2025-12-31,-0.0499999999999971,0.20555168412898134,0.2469683184337678
2026-01-02,0.8900000000000006,-0.13121049167542348,-0.0028302698146350997
2026-01-05,-1.1300000000000026,-0.04625520218248845,0.028170787058119907
2026-01-06,-0.9600000000000009,0.1747140558910955,0.39513866687253385
2026-01-07,1.730000000000004,0.21406492792438592,0.2111932947807593
2026-01-08,1.2199999999999989,0.21769019007270474,0.16626470034057514
2026-01-09,0.4299999999999997,-0.22606296138472629,-0.003043203039867829
2026-01-12,1.4600000000000009,-0.09657986723128845,-0.06097627505294823
2026-01-13,0.990000000000002,-0.22736943934677048,-0.27848637234728757
2026-01-14,-2.710000000000001,-0.19623158846231825,-0.3797860254065739
2026-01-15,0.269999999999996,0.05958170680899137,-0.359158679366059
2026-01-16,0.8999999999999986,-0.15049702447054356,-0.24316822793701687
2026-01-20,0.0800000000000054,0.18521587536475134,0.6365417650549671
2026-01-21,-1.1400000000000006,-0.47084942265312335,-0.25492588044083386
2026-01-22,1.4600000000000009,-0.16874836245490343,-0.04707584438155727
2026-01-23,-0.240000000000002,0.13853845247409408,0.21528816242763135
2026-01-26,1.5799999999999983,-0.039284241508384055,-0.2261713126940343
2026-01-27,0.7100000000000009,0.0662949877082127,-0.004066004072810114
2026-01-28,2.019999999999996,-0.10264357136623431,-0.15388096548000002
2026-01-29,-0.269999999999996,0.27071724063386127,0.002389867089628444
2026-01-30,-2.8999999999999986,-0.30885877280711327,-0.5746293376065718
2026-02-02,1.019999999999996,0.022820178497128925,-0.27618840124184846
2026-02-03,1.9400000000000048,-0.054432069486144846,0.17731905877051535
2026-02-04,-1.6600000000000037,-0.012949368274506445,-0.19327692816662942
2026-02-05,0.8700000000000045,0.16720594508997974,-0.03609010757684664
2026-02-06,0.759999999999998,-0.19294761038080344,-0.47117465841527134
2026-02-09,-0.3299999999999983,-0.21677474307153946,-0.5734222581484093
2026-02-10,0.5999999999999943,-0.42288454119197527,-0.5192919478696684
2026-02-11,-1.7199999999999989,-0.1368185132103901,-0.3661126664646396
2026-02-12,-0.0300000000000011,-0.5341852645761319,-0.8411468475285956
2026-02-13,-0.519999999999996,0.013137307298782586,0.06559629547900232
2026-02-17,2.799999999999997,-0.0803997737404127,-0.013530228571793432
2026-02-18,1.3299999999999983,-0.06845532413551339,-0.42651191927986076
2026-02-19,0.0300000000000011,-0.21582413156202554,-0.22596192069493287
2026-02-20,-0.3299999999999983,-0.09271049209104981,-0.07381630272182148
2026-02-23,-0.7399999999999949,-0.3748816841430734,-0.3584634909470684
2026-02-24,-0.3200000000000074,-0.15332183740214353,-0.343149145443851
2026-02-25,-0.2000000000000028,-0.17884416387175808,-0.2897412506094904
2026-02-26,1.8599999999999992,-0.20496795090850398,-0.4098069030960919
2026-02-27,4.170000000000002,-0.21083736782533477,-0.27060798934493635
2026-03-02,3.3500000000000085,-1.355265257729134,-1.696954854142081
2026-03-03,0.0999999999999943,-0.6636433839090814,-1.1604352059166039
2026-03-04,6.299999999999997,0.04116576100572716,-0.07849643006169582
2026-03-05,9.89,1.2227567863323567,1.8692647803584812
2026-03-06,3.8800000000000097,0.03400062343069207,0.7953674889257366
2026-03-09,-10.940000000000012,-2.3343789792759915,-2.0716266746432774
2026-03-10,3.0900000000000034,-0.7693396979803162,-0.9141835040616302
2026-03-11,8.810000000000002,-0.6550974727348393,-2.0600918724330213
2026-03-12,2.8700000000000045,-2.5401753201807025,-3.7859033905320274
2026-03-13,-5.090000000000003,-2.101771251574685,-2.505366116730627
